,date,volume,stochrsi,stochrsi_6,wt2,trix,vr,vr_6,wr,cci,cci_6,atr_5,dma,pdi,mdi,dx,adxr,kdj-k,kdj-j,bias_6,ROC,lower,MACD,MACDhist,return
0,2022-04-25,0.8714954003847666,0.8628847764771599,-0.6377068364948776,-1.7343581219146071,-2.625999981211195,-2.4681093452731058,-0.5013183702316559,-1.271036188228553,-1.2626098951139721,-1.8179841090849345,1.5607416531557594,-1.1361963721446717,-1.2947820291278784,1.9773121053212845,1.813300004907333,2.84664762889603,-0.8584895506881821,-0.9164770505554197,-1.9557028151997211,-1.0276395581538473,-2.0944657664648183,-2.5624040249129285,1.687806478687598,0.046891383200204556
1,2022-04-26,1.1464703866494872,1.3575200657540072,1.1436447348586274,-1.737700057705195,-2.5513401216264793,-2.3118822714947305,-0.40691418065794205,-0.7352757238602275,-1.0623529512252963,-0.8514483029907358,1.5314743521323602,-1.149429787586159,-1.408884372609788,1.2866866253281366,1.813300004907332,2.8173296461145836,-0.18707716450468623,0.16943146480737178,-0.30629718003982503,-0.8588376177417218,-1.34987203688061,-2.2194375442734513,1.8132404251041887,0.05560497338015857
2,2022-04-27,2.059432779724118,1.3575200657540072,1.2306038816129028,-1.6890929209245316,-2.412944708521669,-2.099799001817002,0.27936440774134874,0.23914292157338887,0.06362928372570369,0.7411197738882956,1.868356401461303,-1.0904770562161987,-0.16074919744801555,0.5599268296494192,-0.8326650482685433,2.4480324611379887,0.23618301292074198,0.7441425910956021,1.3915254502813204,0.2540373414127167,-1.158811888827425,-1.4820668302846947,2.477870403506225,-0.11517427180441765
3,2022-04-28,1.6069629662810336,0.6662481221423642,-0.32582946635181415,-1.673565011910015,-2.3332317869531405,-2.195597792734905,-0.4298038820163369,-1.2672364686231041,-1.2918074912854054,-0.7156907115239857,2.3053148784856923,-1.114895770137078,-0.5040652594514334,0.6977396095284657,-0.232947225439159,2.0244618745091563,0.12795013720012366,0.1614106512480841,-1.6910232416515578,-1.2250794538745793,-1.243898592157262,-1.8233702318682738,1.466291577126488,0.03323466268797766
4,2022-04-29,0.5624414073018,0.9370619756734009,0.0757664440114761,-1.6385219316482111,-2.2583240179907706,-2.083166839818759,0.06449744251168059,-0.6526505822781817,-0.9975143361776053,-0.45989137244033995,1.8437554086312002,-1.0786737034111358,-0.6768815112721304,0.2939007120290748,-0.232947225439159,1.6078618614473306,-0.10575277226910534,-0.28666097286272574,-0.6064825500395713,-0.370069064338285,-1.2202605938436193,-1.7060387702066513,1.313207513815114,0.06332865011241484
5,2022-05-05,1.3608131399500791,1.3575200657540072,1.2306038816129028,-1.5476102653586377,-2.1281930259347295,-1.925159604799437,0.12478377946072063,0.5627412378030333,0.1377151217083719,0.9117491994518342,1.7425585122206746,-1.0445784488527048,0.15272035165537912,-0.14756790050499113,-1.432074802119962,1.0516310204399038,-0.29929492910907685,-0.4193287201422525,1.4431702451199864,0.028773361260436035,-1.124593135882874,-1.079130928171444,1.9198024112248702,0.05867052404281375
6,2022-05-06,2.8638393364964614,1.3575200657540072,1.2306038816129028,-1.403913051609959,-1.9103593296520234,-1.6813498004493725,1.8660310196525318,1.4581077542450043,1.5423756998830747,1.4874251568002133,2.131002456239575,-0.955353376635729,1.2203016767479178,-0.6392794224196867,0.06009878257023928,0.6901444696442127,0.7386113492156396,1.186279149668543,2.624544927054471,0.9308283392439115,-1.0750062140938317,-0.17906528851464193,2.795891205030132,-0.004438533696025574
7,2022-05-09,1.8935106152777836,1.3251978986712802,1.132286332301227,-1.1557434921315222,-1.6485194144975823,-1.879978042534751,0.09118085095951788,1.3733136841626832,1.495751236167341,1.1227546378029547,1.716894730084448,-0.901573608158774,0.8613416149115091,-0.9042117315461168,0.06009878257023948,0.45749964118924114,1.4491619413324652,1.8358766597629657,1.9370235957647302,0.5417477546898504,-0.9943879938666892,0.3423724222507442,2.9550509249810557,0.03353572755390511
8,2022-05-10,2.0304656239286087,1.3575200657540072,1.2306038816129028,-0.812819107755143,-1.3369194422053954,-1.3926358004393524,0.08847642850088293,1.6602961711079638,1.6765285798353406,1.1023049001138487,1.702281920894846,-0.7138369773768343,1.271401864014818,-1.1998307747743355,0.7048752322641051,0.4048278252767887,1.7249554778756881,1.5261464007035297,2.676189721893137,2.1683385013714993,-0.8226185960046741,0.9271487233206281,3.1729986167796573,-0.0484747565024109
9,2022-05-11,2.0700114714239484,0.9330954046944412,-0.040769844743063846,-0.4716873663777553,-1.054625027527121,-1.3179132410938503,0.00909130586570347,0.8197343052919093,1.0899777221428966,0.6691888169851093,1.4886976203999969,-0.6436858913938532,0.8704030570389477,-1.4253914374251544,0.7048752322641054,0.44825979046431447,1.3689207986687781,0.6432554081980885,0.31344035802416725,0.6327280824103406,-0.813993019201807,0.845825246045376,2.3943531501021504,0.011373962784009914
10,2022-05-12,0.7943916474584855,1.03980441652082,-0.690795646997407,-0.21348883270606867,-0.7927138602708981,-0.9182454933652145,0.02926707507768405,1.0133182501465172,0.729502492499137,0.16130662625415698,1.1351492968856784,-0.4516019094509381,0.5585542249824452,-0.9704312407620569,-0.1312994126829633,0.4136482827683852,1.0339608639179818,0.21134651745897337,0.09394997995983663,2.06140141758938,-0.8154543113726308,0.8575293950528529,1.9045334501121942,-0.017715521104056955
11,2022-05-13,0.31394864925209104,0.8832687678240749,-1.2243466592238292,-0.02273629154677961,-0.57263053518424,-0.782657440490572,-0.38604467931679254,0.7127537041880474,0.644211781003279,-0.5130578260105622,0.8029722891197663,-0.3407930550853832,0.39530156139500633,-1.1872215484992974,-0.020129883404595324,0.3584706990498618,0.03970867734612101,-0.8915973454083185,-0.6419883464911541,1.0490588721675822,-0.8165811910514849,0.6898314985325965,1.256003233225834,0.006040489523553623
12,2022-05-16,-0.08200681121740226,0.8846488954431344,-0.955338573482186,0.09322331855128248,-0.38348791800464477,-0.39269341361414256,-0.5903945928843943,0.8146399909536314,0.559361413626785,-0.5430767804516182,0.3698572652493334,-0.30338765650633187,0.17367710200929684,-1.3561284704696095,-0.020129883404595716,0.29730580139838664,-0.41626043028784077,-0.9970633216136758,-0.34825857584624115,0.31556571372574693,-0.8121545729196364,0.6125589675238869,0.8665526212827733,-0.043699260465943926
13,2022-05-17,0.45466654823909763,0.43930699173309967,-1.2243466592238292,0.11835760472514378,-0.2628308782788891,-0.7334448421630864,-0.4919377436530989,0.09124735491799481,0.049759808932987384,-1.6749025693293424,0.42692819368673274,-0.15211729955580774,-0.11732390949069534,-0.1893382947580915,-1.5125609160895002,0.017629642014835942,-1.1113957445288132,-1.3857202375769575,-1.4166602690711445,1.3850773403507597,-0.8127108000950507,0.20067266629239613,0.07625284261558506,0.06160484179708333
14,2022-05-18,1.5515845802013841,1.127359869695942,1.2306038816129028,0.15072199384541152,-0.1329692629408717,-0.8096082549851,-0.5319275963305791,1.0897957610831182,0.5688250224418384,0.5936370487518228,0.6628493450798315,0.017596744943085517,0.3522597716471519,-0.6075329943065053,-0.7479180462706264,-0.2377498103019351,-0.19986424181974757,0.331233530061264,0.7169153177012456,1.8312434578651877,-0.7679701682484049,0.43845520319095965,0.37350853183008714,-0.02576535577127833
15,2022-05-19,0.4729130164730334,0.7545693302173476,0.15992572464055022,0.16983658743588226,-0.02859772559041811,-0.6817894331434462,-0.373596383781471,0.5773435424221794,0.31290626109044833,0.061248004644898546,0.48244240472208877,0.07203580188115541,0.07845818672648756,-0.8835920509248704,-0.7479180462706259,-0.45988527939488844,0.17780031174123964,0.768406675923149,-0.07712340294324457,0.4715968366817955,-0.7529682319145199,0.36037509108701604,0.15940143611062713,-0.0018226007475506654
16,2022-05-20,0.12289321727730057,0.7280988053157648,0.08203753865626648,0.17593134373407232,0.052918588893793306,-0.6378049852818254,-0.712326476768861,0.5439182670542435,0.2555616900448099,0.08076897531876477,0.3495577679793205,0.03751508590154511,-0.17038256622652248,-0.9565514154013925,-0.9793752922347579,-0.681114018992952,0.7803029867371719,1.0925259328337873,-0.019023008749745288,-0.38489600198548773,-0.7334638392236688,0.2887287583499603,-0.0026792906556085874,0.019271900277171575
17,2022-05-23,0.2723438617614827,0.9922744218534268,0.9659941218247844,0.23931800385940624,0.13398696895163736,-0.6570242557360728,-0.4066130860946268,0.8577695576148731,0.3147134051762089,0.5937096810237025,0.23185176656580275,0.030142869763631355,-0.391537637635981,-1.1995454295601558,-0.9793752922347579,-0.883820322456497,0.6375908660346622,0.5073530939199424,0.5200195373788312,-0.05535161702483852,-0.7320516218496427,0.39378948571284395,0.1204748098318037,-0.09405835406188098
18,2022-05-24,1.0905240171228672,-1.4182112874629464,-1.2243466592238292,0.17765508606163727,0.12557616554048923,-0.6732814672694538,-0.7215369734957968,-1.2547620545455596,-1.4899523046385192,-1.260047762517459,0.9784724135955459,-0.1282482336719583,-0.7171690138626304,0.38411704169857624,-0.09492812765338028,-0.9298897819757967,-0.10063197031818129,-0.6963120718415011,-2.0105754097158037,-1.7400853978462156,-0.7141756233459549,-0.2836706749793063,-0.9005717751006577,0.006857169726137045
19,2022-05-25,-0.32652368513831587,-1.2130694005956524,-1.0039079377366094,0.008691848722331459,0.06983722548255221,-0.3654528777501548,-0.5027936959813363,-1.2937034810472652,-2.242205427767132,-1.3629091152758273,0.4838930040484589,-0.2075586830996828,-0.8418423125788909,0.24598047476776486,0.03501382894218014,-0.8730889862919637,-0.6708897117737513,-1.1372570452440933,-1.636150647135475,-1.0358045882596563,-0.7693723056274397,-0.6238261273703618,-1.234819769571915,-0.01343181536822235
20,2022-05-26,-0.22464165433793518,-1.4182112874629464,-1.2243466592238292,-0.23640834664700622,-0.021921018647337247,-0.27778079085930546,-0.8439851217624619,-1.1654891726401793,-1.6626823107271302,-0.9654628158183548,0.4078055438340657,-0.31929977136379173,-0.9965273382998179,0.5863684740910281,0.5726381771459883,-0.6890299005405206,-1.509439258661305,-1.7804794046524055,-1.490899661651727,-1.3563631079234593,-0.6844782263541611,-0.8954426631672714,-1.4041580279794525,-0.00462810743446805
21,2022-05-27,-0.4072483325390356,-1.4182112874629464,-1.2243466592238292,-0.543876590854862,-0.13277299179438137,-0.5417040151401793,-0.8114569073476884,-1.251530510182787,-1.203185781598816,-0.6521022725410248,0.21379839025748348,-0.41106090915567844,-1.111530725445839,0.18690978042490122,0.5546374229796611,-0.45772749539290813,-1.357934678281036,-1.0136185670558258,-1.1842586922971472,-1.1882290663085504,-0.7280970039091237,-1.0482515475857341,-1.3696479117836398,0.006275825717954585
22,2022-05-30,-0.6695856871086568,-1.1757125811217393,-0.9144334202407771,-0.7942341841531672,-0.24170960538396366,-0.28399828724740966,-0.6328938479915315,-1.1025556153260683,-1.060880379933821,-0.5841315558150528,-0.10116549892993448,-0.5069688121206227,-1.2072058878716174,0.07541832753278133,0.7000368582078801,-0.1997269253142971,-1.2843892530367977,-0.6401078062462723,-0.5645211542331552,-1.1851855162512248,-0.8213004283743445,-1.0425498163916167,-1.115255190732736,0.020854454054700246
23,2022-05-31,-0.14405900279895814,-0.35039794846295613,1.2306038816129028,-0.9433223642563654,-0.3231129791873982,-0.3736066648318884,-0.6853506541123187,-0.5324438643964833,-0.6024240100656527,0.4020687350840498,-0.15912918640562182,-0.5186728894910188,-0.565477064805723,-0.29057937178653104,-0.9239025045616717,-0.18903189226436085,-0.4124020546345668,0.47787100295155016,0.5490697344755809,-0.3226894405976809,-0.6524918148347425,-0.8322225196311335,-0.6189787114670044,0.01281658043819757
24,2022-06-01,-0.016049733437922386,0.16150476518674178,1.2306038816129028,-0.993394998708245,-0.3695209150005394,0.07763837566518815,0.13465654905403332,-0.2301291929432464,-0.2711510631781851,1.6846451979486547,-0.3918862003769786,-0.6081219739493943,-0.45967794356328895,-0.5628056938066848,-1.3772963297950813,-0.37235503324631203,0.6104481138775809,1.5197352373368476,0.8105215083463277,-0.9796545777775728,-0.5516148442699544,-0.5656378913500383,-0.1414689250850131,0.02297504675881128
25,2022-06-02,0.0669468477506804,1.0788962250030047,1.2306038816129028,-0.9449794052149587,-0.3690010383405602,-0.003857885980670893,0.24095591395667848,0.32159508245891305,0.09983110734160218,1.5215778073490653,-0.4867964143848827,-0.6343795668120609,-0.10166489412649635,-0.8378356719789876,-1.0312714659076065,-0.5885918297565318,1.674536549119765,2.2432512261380615,1.3237416570555711,-0.32334972314838767,-0.5453005193864146,-0.19678266551107088,0.3868596999023313,0.02579995682208621
26,2022-06-06,0.6176067995888354,1.3575200657540072,1.2306038816129028,-0.7730482037372038,-0.3139584939666207,0.6130892686276475,2.98931657939606,0.9564558925107102,0.7233107368401338,1.5562804398455314,-0.48664806433676766,-0.628918540252829,0.7010045014140074,-1.10511754975034,0.15952314024214206,-0.6280818688696864,1.7913510034332585,1.5796043352973512,1.7110776183455663,0.0630468072330728,-0.5343682460156304,0.24433334986722116,0.9129077026384247,0.008454156633328743
27,2022-06-07,0.48107777852323813,1.3575200657540072,1.2306038816129028,-0.5194677103006531,-0.21912794481722542,0.5333926892566411,-1.0734773551543586,1.1680761625279776,0.8906838925407552,1.2700564167427424,-0.5245666375642418,-0.6423247629097687,0.8716853282839118,-1.3345033898977814,0.5867079017486637,-0.5110736446052401,1.7192806232980449,1.0128253485919914,1.4496258444748193,-0.08954929681121877,-0.5269504486234362,0.5739983756276552,1.1742907198769403,-0.01728625302866242
28,2022-06-08,0.055303187087779745,0.8174672885781668,0.1812226969056619,-0.2559503776471837,-0.12048617950292632,-0.11457386269095894,2.168106359872523,0.8295524383802274,0.5866210409764172,0.5725365769316114,-0.44839740547275614,-0.5409861602816924,0.48974636914138764,-0.5215504420906611,-0.6942768956994549,-0.5129800974861511,1.2273380537813758,0.31419643000580255,0.47483034189499856,1.0299827375667616,-0.4607202038905169,0.615785229418861,0.971523494074661,-0.03391210014325269
29,2022-06-09,-0.30103542795550287,-0.142369440658455,-1.2243466592238292,-0.05175830125117202,-0.05543083949632363,0.19557827535267586,0.48228258213815967,-0.026083966682278085,0.24928665793706956,-0.26438355764337984,-0.33040732679510076,-0.48811271970354686,0.1387483569458932,-0.20247449925625569,-1.3976842835237073,-0.6792990681551395,0.1887895470575998,-0.9002796577465325,-0.7129999393943199,0.42477095350613725,-0.4805201930296,0.35570300262331794,0.37741897280671394,0.07994533194922733
30,2022-06-10,1.6355751324221859,1.3575200657540072,1.0500583185582077,0.12999533433754476,0.060925817330852144,0.32683685379811606,0.8613955820254035,1.64849227203146,1.0699751905211454,1.1004610080223813,0.31932029414125723,-0.3231097143578306,0.9855588944656003,-0.7562108180967169,-0.00018649315096878647,-0.7095062659555892,0.3099492250417681,-0.12729815366997216,1.4238034470554863,1.8483001920074917,-0.5069577426338163,0.8262753429844957,0.9474989337308785,0.04763484295213919
31,2022-06-13,2.8360081475948937,1.3575200657540072,1.2306038816129028,0.335774357566003,0.24925433925227977,0.5072728936882483,1.497004283465557,1.4261429593412436,1.9297271679387478,2.081200264654837,0.8657246902599931,0.04165871017741432,2.282842176019885,-1.1933121019274628,1.2497636208518255,-0.48317782984808,0.6459970926555589,0.7006573298219348,2.4050545489901407,2.7050158695637925,-0.6508799015346809,1.4850783737769595,1.6728686960311796,-0.025674989114636435
32,2022-06-14,1.2338688395521136,0.8575115862471474,0.42359024610132984,0.5577919544198066,0.44314467794051654,-0.40758598791895023,-0.035270272750535805,0.9865499438962868,1.3274731251474146,0.998270064463543,0.9072659605294576,0.29526644500420535,1.6485320492142725,-1.4693843228144672,1.2497636208518264,-0.1444396716394968,1.3801304890856492,1.5360094290548543,1.1914018702814895,2.1759563891961897,-0.7017082541854972,1.6033365532526962,1.4797950845214585,-0.03904925028885995
33,2022-06-15,0.7459710586042279,0.183918404940894,-0.5628188436020504,0.7943537931581673,0.5888025060529063,-0.24836001520731407,-0.49007409764982324,0.33923715192239035,0.8205089444260024,0.3377960682975882,0.7617274356855953,0.4564494450814653,1.1719426844279839,-1.3035537938351003,0.7631106104263847,0.15211678275947074,0.6837744729732835,0.14889908852803038,-0.15136279552382695,1.2284617814829122,-0.6766370926972738,1.2854682591710995,0.7013604462730079,-0.006559355658729546
34,2022-06-16,0.04138759263699605,0.07754828815344951,-0.7130699494608821,0.9443626427106868,0.6881508959271678,-0.8156419343101137,-0.48896930602007194,0.1901034029823602,0.459382405500978,-0.22116788366215084,0.4208821593718403,0.5857185697262958,0.8269108720930022,-0.8055058792296348,-0.07832916976546729,0.27865768351293974,0.0338515468840761,-0.7656467997985128,-0.47737056294290625,0.9339434941509532,-0.6728252973717628,0.9894500306655839,0.10987410562323438,0.06036064652298922
35,2022-06-17,1.4681620114275533,0.9345939761199805,0.20340362610229804,1.0197647834990633,0.8102792285325524,0.0061928171405525746,-0.11386870834760385,1.2223168875247081,0.9162546301335834,0.4414906344427958,0.737770374687172,0.7463636954985128,1.6074059866993298,-1.1821249756031544,0.8924069350681534,0.4515094968058063,0.04219458829728665,-0.22167488414425288,0.8653941028624104,1.507377140879612,-0.7329671760877358,1.2771342651478723,0.47180099978371237,0.004495652415803796
36,2022-06-20,1.384242457137623,0.9410585616905319,0.2935048348600884,1.091552529996507,0.9403220162868567,0.08022474639933184,-0.1376049666692046,1.2735766429034872,1.2313693005457087,1.1041272775848117,0.6793824795943167,0.8635306482799255,1.8366911633233032,-1.4362968074862041,1.3064027511204495,0.6950285801576932,0.5544664449963062,0.7411287172844654,0.7846991109269947,1.1779790263380794,-0.7834906585047792,1.4395818020537086,0.582163614229862,0.02300226121764556
37,2022-06-21,3.118437916601106,1.322743107029656,1.2306038816129028,1.2144151122031328,1.0870901218953701,1.0315793778021056,-0.11093184926713455,0.8909148621048045,1.5641769985255545,1.6949480317248597,1.0776970098420595,1.0007782417828632,2.877510339571175,-1.7248467532090714,2.039863613931617,1.0630597475729258,0.9069467727028333,1.0231307309860502,1.4560814438296528,1.402154807202927,-0.8678944060779047,1.6815939630232621,0.7842885654144238,-0.0476948738080172
38,2022-06-22,1.7530767080142624,0.04796963179506795,-0.9771146859426952,1.3545956302922344,1.1828704323467576,0.21846355508613874,-0.18484397582172804,0.04284439019154944,0.7639421284116918,0.41925853477530167,1.0768434346972386,1.113911137276469,2.175189841768312,-0.9792163764571461,0.9814695247872177,1.3082431225747346,0.41755770406460047,0.003741132256589459,-0.08357900229807781,0.9372673438174693,-0.746117218576533,1.3478236878095637,0.12220391642672102,0.02693288235958807
39,2022-06-23,1.0208750469380772,0.589099998273554,-0.13422215735864002,1.4569781051031276,1.2645762261441196,0.877594011646874,0.5408916301799196,0.44969397595340216,0.6625243653194366,0.27538381993876626,0.9316227723293152,1.2804728804041383,1.6292272230826241,-0.9153367167996405,0.6174070962575423,1.416959931227889,0.01323916308266276,-0.5017612800482252,0.46514694286274866,1.8818398751574632,-0.641244130048408,1.3230434604908572,0.03461506259130179,0.02349797126730392
40,2022-06-24,1.6523306441078234,1.0469172392870498,0.45234079386371645,1.5417463316349993,1.3519996665767389,0.8905049703297223,1.8515747489700898,0.8649490471203413,1.166211531498089,1.0729396360505732,0.9485732153830754,1.3430455912238983,2.379351438957698,-1.2214173882697055,1.3214767810362211,1.5511713139793772,-0.14134632961489058,-0.36229264732572525,0.7491933144754118,1.0036270404157128,-0.5014607853250436,1.4618662402860203,0.19861440427044139,-0.01569631564731873
41,2022-06-27,1.115373292927838,0.6094643355871822,-0.41126997537903875,1.568733186809952,1.4166472536923573,0.7532898719788762,0.25488624332182364,0.5864838817495706,0.8321672066256011,0.36958627005213956,1.0572241547581982,1.3201859332596586,1.71603668872485,-0.8782454405006492,0.6313063469823641,1.5854918875701411,-0.06800921877122766,-0.039747149469879894,0.15850597350816917,0.07556092335751036,-0.28475193532885396,1.3492817205967385,-0.029880081642029238,-0.004171887569406493
42,2022-06-28,0.5846637596645311,0.49200566123494716,-0.6493649668215798,1.5838471790076538,1.454510603023553,0.6598115709215465,-0.30429309691767253,0.5132035750730526,0.5814138950668442,-0.1716872417576242,0.5659941868218804,1.3254750305925613,1.3561513701202152,-1.0873573395039897,0.6313063469823641,1.5660460832891614,-0.17050569173297803,-0.149488052276705,-0.00933960971749541,0.3841038066612254,-0.040290541989227775,1.191498037950259,-0.27734310808149665,-0.036615414241517936
43,2022-06-29,0.7894217922974912,-1.4182112874629464,-1.2243466592238292,1.5626733805392194,1.433584053496851,0.08095580034925016,-0.7457435127596124,-0.11700706234500664,0.10124089123108344,-0.7501950062190361,0.7625718102701473,1.3426870083538718,0.8320505796229988,-0.22846231860920382,-0.6529397859811197,1.3310651943770284,-0.8512825333534562,-1.08026908838561,-0.8905289216522343,0.41944614881432196,0.1772829532883755,0.7370132778528014,-0.8998102939755841,0.013781441203009268
44,2022-06-30,-0.0001461969227410136,-0.9249567371407673,-0.609830293848735,1.4475211222363236,1.387577643671291,0.6867193522891846,-0.4678101027146421,-0.35187508323734484,-0.44081859847321425,-1.0890009425047755,0.42916668055764073,1.3782763582040787,0.524020945569013,-0.13484405979452163,-1.0333033388777395,0.9491176157638943,-1.049627101633412,-1.0450449206241708,-0.49673736100740595,0.7182077642491872,0.386810480710412,0.5522017918458523,-1.0119565513570692,-0.02892883247921148
45,2022-07-01,-0.08108383811607478,-1.4182112874629464,-1.2243466592238292,1.2546140543161737,1.2980491679778356,0.3094894221484183,-0.7458447891774853,-0.9764582878220177,-0.7123836906950594,-1.067558481647664,0.2803549036925287,1.2945472580527078,0.2139548098412959,-0.08143076575122316,-1.4200959554621588,0.4662348927958591,-1.570043008047111,-1.4177173897573172,-1.1552084952003978,-0.5492161048600295,0.5200068703270334,0.17977401524721978,-1.3701003154438804,0.022348920311427017
46,2022-07-04,-0.28804280660604664,-0.7235393644122072,-0.05356150572973002,1.0154124800230444,1.2054200642431057,0.6626044980059165,-0.8881850379279892,-0.4955292202918174,-0.6422224882174338,-0.783337110045738,0.2944322313684174,1.2303609243178288,-0.09242047698134971,0.19739298528795254,-1.206314795973751,0.002850373779957581,-1.0194860092235203,-0.37139730299817536,-0.18686859197540984,-0.3047668899819034,0.6098674283224743,0.13934297804971602,-1.1816202812230503,-0.024405627368140746
47,2022-07-05,-0.21484393987768952,-1.4182112874629464,-1.059122633067539,0.7570443650163553,1.0907082085314257,0.6245423016403757,-0.8514318052155323,-1.0201791121429453,-0.8434355060247639,-0.8456288664631858,0.2904796101509886,1.1051258569608022,-0.34776062891508347,-0.23046973760398126,-1.2193893543387704,-0.4146899631040689,-1.0837049086026174,-0.4722075084576731,-0.6548995452008206,-0.9444114866425534,0.6550639868507636,-0.08889271312555481,-1.2995325076721616,0.025553074424617486
48,2022-07-06,0.7012423621552802,-0.6337902895851929,1.2306038816129028,0.5569695850804717,0.9908599236940973,0.7907792741465054,-0.49399844460992487,-0.47054589210843123,-0.35850276121886904,0.5730239096164051,0.3215500944089584,1.0674746556079433,0.022071286560563126,-0.6133929588963308,-1.1261499698243886,-0.7609834827777515,-0.2476091559483601,0.4927576379810574,0.31666815770158385,0.0568582685377947,0.7869132439289044,-0.0037028547458321345,-0.9454374535838556,-0.006038839343846799
49,2022-07-07,-0.10664309322975912,-0.8326989411882584,0.7187448346781133,0.4008169846108405,0.8979764276832534,0.3966824935448957,-0.35801742181538937,-0.7592381174414112,-0.6780429120750501,0.1331949810770664,0.1638327241965956,0.993785875817335,-0.22599487055770773,-0.5365148069645892,-1.5430540560991723,-1.1042369007762334,-0.05819715869151645,0.4496762963210326,0.11008897834691976,-0.4029382935082705,1.0954397553565856,0.002976200601996764,-0.7744885449859256,0.00201700111602691
50,2022-07-08,0.03861867333301358,-0.7657149697736656,0.9232982389367166,0.3134119298619896,0.8147361763431571,0.4029288417319003,-0.352032602542147,-0.712653115804662,-0.25541818674421385,1.2220142724590526,-0.06123527337879913,0.8622756082348297,-0.0045895707480751915,-0.8094503609264837,-0.9385702396743194,-1.328632761090719,0.4993304344499076,0.8158251832385535,0.22628976673391832,-0.6944408793725461,1.1213515494746278,0.029777775961275562,-0.6089396856377415,0.012585978496453157
51,2022-07-11,0.010432494777089452,-0.1832762076715807,1.2306038816129028,0.27130189372497865,0.7523002401428389,0.39647157789182824,0.3670006669448501,-0.20535238531113298,-0.3850447922131715,0.4193044977220127,0.25698451064983535,0.7847320625914341,-0.3395447378775416,0.32797659022254544,-0.7530043524049044,-1.4466598131216502,0.6670196234807654,0.7525378558149792,0.461919143185332,-0.3093296626811366,1.1231391165964562,0.15724552620961077,-0.3324752851184324,-0.034117214693250686
52,2022-07-12,-0.15563166553098745,-1.4182112874629464,-1.2243466592238292,0.1767976034426235,0.6730380675625639,-0.02961331244249719,-0.29066928883324306,-1.127446331735754,-0.752120893774653,-0.7279088098314737,0.21487800111470826,0.6873768133790268,-0.5666557025516267,-0.10741042264679229,-0.7530043524049046,-1.500782203622437,0.2567067033356995,-0.10221349157673734,-0.5064207600396559,-0.716748611750845,1.0752959899985193,-0.05271056639411269,-0.5940634866030539,0.055212076509265864
53,2022-07-13,0.8463621328563102,0.5040899285227372,1.2306038816129028,0.15934275340740303,0.6385463798298625,0.009924617431023432,0.5956544095121123,0.3807242755519737,0.18998173017234796,1.2519030960362738,0.546340260225821,0.6853149618763683,-0.026224125155693466,-0.5944271383291789,-1.208431725778322,-1.5851513096689867,0.7522860468402998,0.6797064022579927,0.9848226909268256,0.5722687612129713,1.1552698356171833,0.29644081115004134,-0.003406678937973704,0.040098103295058946
54,2022-07-14,2.2125043186827384,1.3575200657540072,1.2306038816129028,0.2631866598174283,0.6707843906179056,0.6597289801187076,0.9447973890690204,1.194651090883963,1.9861781520076538,2.136912932403679,0.9598512126762252,0.7232351003817565,1.4223736069765536,-1.0284511277813857,0.6088261240537395,-1.4096455172382025,0.8158970774006414,0.7340340786332974,1.9337957960873133,0.9640390441696378,1.2005182436298272,0.8566700549109065,0.771112518236505,0.011167358809825187
55,2022-07-15,2.6739908693464836,1.3575200657540072,1.2306038816129028,0.49358284111953105,0.7505871950481335,1.373827415271294,4.964650445250239,0.6987211837835161,2.46806971045452,1.531380684749322,1.172747765893693,0.8386091388130339,2.1769260368033994,-1.3581123928042977,1.3777269527179297,-1.00230634099497,1.3809745284805088,1.295051538044598,1.8111394083454817,1.5811194193459857,1.115590610349845,1.2653445377643222,1.173895142373471,0.008687694500154539
56,2022-07-18,1.1841702879421716,1.3575200657540072,1.2306038816129028,0.8275202019950524,0.8605298923557251,1.3190439023993343,5.5043184859947685,0.8714184398511773,1.566370738957693,0.8350061585461678,0.8942379302167119,0.9486044341938986,1.6758361598682874,-0.943460115167135,0.6746720730009246,-0.6137823249868929,1.0558491045846357,0.5963892419895866,1.5722822322166512,1.3680883984324754,1.0324514441135824,1.5426416614106047,1.3081567609909994,-0.03060784508624156
57,2022-07-19,0.6224346588880868,0.2922821599251962,0.06638249278354325,1.1255175667765451,0.9485156582969422,0.4250634257035259,1.1807502458655428,0.2695946687062949,0.9530107283883645,0.4133647523525515,0.7322879738300905,1.0536692151118872,1.2078751674934147,-0.7659795016059877,0.18051753017335573,-0.3395636453763311,0.6636991658922051,-0.04130986230684204,0.28116236125000094,1.272328381774367,1.021967065338498,1.3696167882016521,0.7712804590825664,-0.00027030679986182017
58,2022-07-20,0.03584975402903111,0.2832564182993809,-1.2243466592238292,1.288005206784381,1.0144504181069152,0.6403604327171375,1.0564423240541692,0.26436141852242745,0.6708403466171292,-0.05804860196080164,0.4201542885027882,1.1292405549701374,0.8531680843555238,-0.7803174289857375,-0.0834312964948341,-0.18503600007820273,0.20792302991688535,-0.3885162575958509,-0.16104619455607683,0.8799478850012277,1.0490614622418932,1.2083432169902417,0.3585922640824491,0.0021604113182782272
59,2022-07-21,0.38160967737248325,0.34090202430203603,-1.0913337726510457,1.3390336708580899,1.0618661923189057,1.3240798383239996,0.9775367664355257,0.3062274199933746,0.6354320958411528,-0.3866821132847204,0.29596677668312615,1.2023018147381963,0.8129972944964968,-1.0597258956552702,0.19968296853164705,-0.062372076447207755,-0.539337269427467,-1.087517679105132,-0.2578801848785756,1.00343754300002,1.0462784348313432,1.0830756435946116,0.0799562819943763,-0.01906375816374333
60,2022-07-22,0.13787378069115447,-0.34122001273479813,-1.2243466592238292,1.3070065316707602,1.0735283498740391,1.3006072271460853,-0.0793105018558044,-0.07432174986564923,0.2718222524810743,-1.097843661066848,0.1890095298641471,1.2505312107568605,0.4601360432814504,-0.5298573297689836,-0.7159822662974955,-0.1012276504659517,-1.0021888556995615,-1.2524099043076482,-0.7162277390717364,0.6879717207427705,1.0470737010444824,0.7960162128755698,-0.37443167653758963,-0.028445866656315797
61,2022-07-25,-0.29599457486363734,-1.2461624446384165,-1.2243466592238292,1.1880804536486875,1.0332154345428446,0.694979687225125,-0.6521400353234161,-0.6121880130382138,-0.21134102862126655,-1.5074835676478906,0.046389445661072684,1.237173998848347,0.1622982011431517,0.015596138546433954,-1.5674235530425489,-0.3450821100488265,-1.4010122982227569,-1.3258779168463657,-1.2584980848777296,0.09269081040444445,1.031557163076669,0.34622541844713267,-0.9707653886986334,-0.0025492153728576598
62,2022-07-26,-0.4793822303043225,-1.3233413180984144,-1.2243466592238292,0.9870927290405529,0.9591254586412038,0.1905249559388001,-0.9240330809399357,-0.6596468009652066,-0.5605994629039407,-1.2836305393713774,-0.06770662097566198,1.2752734287887453,-0.10363953935030808,0.8916561048020263,-0.6777154074721844,-0.5422062500320316,-1.2443717580972993,-0.7682867939859819,-0.9260347181038172,0.5484972812954042,1.0155630026032612,0.043269208719648664,-1.237752884859788,0.08374456064777451
63,2022-07-27,1.460494234893448,0.9570984504921854,1.2306038816129028,0.8259089340179802,0.946808059781524,-0.0032441958193733227,-0.5273735993260228,0.9644983858696048,0.546902351917914,0.8695075490977301,0.7006344523902104,1.324578573417492,2.0044799086544627,0.0964337845656004,-0.06539537302781587,-0.6089533702222719,-0.1577021931550395,0.8316298860980554,1.601332429313401,0.9730389916866629,1.0113942304452488,0.6107351276190692,-0.20601077603166099,0.010120755909162202
64,2022-07-28,1.30756469179657,1.183687896887919,1.2306038816129028,0.7758855475335632,0.9796700543212318,0.9591111538954193,0.13908377717471265,1.1701531335532296,1.1994760353982188,1.5089969783256207,0.5279581475023916,1.340087282546177,2.351523708517057,-0.2893809684466506,0.4437568286461939,-0.5285280976108256,0.9698521631416183,1.9006583873785319,1.6755718218939832,0.5273193598602803,0.9860189534598853,1.0273222134718896,0.4035172423023886,0.00822838275903423
65,2022-07-29,1.0531791054845394,1.3575200657540072,1.2306038816129028,0.857808362029114,1.0428078885275363,0.9635200264760492,0.2495629448514967,1.3227676666096593,1.2920250235110258,1.2027222784548515,0.45067501012423256,1.3405355111337036,2.2381470406555524,-0.6477113918981361,0.697262535356746,-0.342135921019708,1.7422311634986158,2.0940876973339706,1.6529772241520668,0.4843359548775578,1.0389285948248463,1.3174403532997525,0.7101977510985249,0.02553545395197729
66,2022-08-01,1.548034683657817,1.3575200657540072,1.2306038816129028,1.076690774005168,1.1426806087966725,0.9492856664300173,2.106679092079818,1.4479481684406987,1.5213385683260985,1.056305513951334,0.6589054583099169,1.3618711919003341,2.327050715924829,-1.024336854218323,1.098896458435373,-0.05757100387407028,1.6011041910950927,1.1473617094292958,1.9628459931840632,0.7324618870738764,1.0105519843137705,1.6856141490910388,1.0672181038751403,-0.0499016153519034
67,2022-08-02,1.1894951327575225,-0.1856593933470758,-0.19236252598511586,1.2542763140416022,1.2043460924093148,0.9317241364063312,0.7662057985248669,0.3951926731191395,0.6783722485075961,0.36993309641136163,0.874936865100002,1.3705668264984943,1.6342726785701203,-0.3575192029952051,0.08140872362372392,0.10356336248227867,1.1408207154656638,0.2606034614401808,-0.09326240133032769,0.44865850881554675,1.1638937336613688,1.3673225489386271,0.3706932284394157,-0.019876101525127
68,2022-08-03,1.2739116725635522,-0.6948669993420945,-1.2243466592238292,1.3434804559289728,1.2161280175679008,0.7747823206713546,0.15502401546608463,0.0026989093289978058,0.4579807797955663,-0.27757980097922424,1.2873899947656007,1.3258336134625879,0.9801343169913003,-0.41227594249353205,-0.351939004713352,0.12456113600964093,-0.0026715009498298184,-1.0843429877997695,-1.0099575097166495,0.16582022368060872,1.2645126985772617,0.938986645240827,-0.3439694801210031,0.037819633268585735
69,2022-08-04,0.3982941911272494,0.08749109011555327,-0.2779486722946096,1.36214542827602,1.230121038762463,1.5849133747355022,0.036367809408856845,0.7562869358060685,0.44649341630950523,-0.7472920542711348,1.1304892510643878,1.3310330650779871,0.5800775498057442,-0.6063884900337767,-0.5165221819031782,0.048036645225238074,-0.6024318192784565,-1.2802570235787971,0.1294557764114195,0.6844143800861516,1.3830391152868824,0.9937906826993467,-0.22446069461793788,-0.04130535874460219
70,2022-08-05,0.7360313482822395,-0.9188124778992045,-1.2243466592238292,1.276977377585768,1.2009141345118501,0.8389479853614734,-0.49982352358178606,-0.0653333430612948,-0.046130137568952664,-1.3340398055781557,1.2217749458113507,1.3076355328087015,0.1796891539277987,-0.277353559489696,-1.277574743617407,-0.1844091240456939,-1.1143195842487488,-1.2993802209274954,-0.9809073126198998,0.3587866855542455,1.5205067595715231,0.6086157502677234,-0.7583412665898653,0.05028553455218656
71,2022-08-08,0.4780248674957703,0.0422732969983601,-0.192942419345777,1.192151340758421,1.1925633373980298,1.4229455869955823,-0.5455175088482451,0.9394506922414689,0.4269701453736907,-0.12418289081628874,1.4925916954688514,1.3975501874680443,0.38629902118475956,-0.7383072538878334,-0.5693711495957677,-0.3728255846777382,-0.17774066196152588,0.43663939472518015,0.6200813273787467,1.544755018137957,1.6244826694557575,0.8203724965284128,-0.3314024272768839,-0.0002554604688818787
72,2022-08-09,-0.11154195045988195,0.035848331329773206,1.2141044348926313,1.1546611086424352,1.1932673188855905,0.9466811725551691,-0.8238657070731585,0.9342174420576015,0.7824387830560655,1.6942517792394196,1.0093791783035784,1.4928435851777901,0.3636655519116967,-0.9787680617824188,-0.3139551854971124,-0.48567074372539476,0.1606027907864286,0.7370092569496947,0.7427377151205786,1.5807261782178688,1.895771958434067,0.9158018510040736,-0.1562835167337615,0.006367015014884405
73,2022-08-10,-0.13028540420991713,0.15962375189132877,1.2306038816129028,1.1571117189762385,1.2018768789760108,1.4171495956194915,-0.5949555689947459,1.0650486966543153,0.7506862940502584,1.227689562334446,0.763543071919604,1.4647844755981576,0.24984471427345228,-1.2249144645144956,-0.11974078083116957,-0.5220606620767045,1.1342005669845212,1.5804332597954631,0.7685601125399115,0.41169420585906075,1.9824765105640536,0.9997487413465604,-0.03261660257364422,0.0045592784145184325
74,2022-08-11,-0.02953934030347801,0.2523529485955647,1.2306038816129028,1.2384247648560873,1.215368612218862,1.3146216624501468,0.01430420416866417,1.159247199963949,0.8232912031582253,1.0127829209875518,0.4413547562329874,1.4292847714654542,0.08223710365562754,-1.422588441657084,-0.024922707950566163,-0.5024670145752222,1.4143149603562388,1.4493161467942073,0.6039423289916636,0.3311037031865083,1.98646684283177,1.0560987853594626,0.02683351303972069,-0.03811947490682019
75,2022-08-12,0.18806931781719566,-0.7867636471169838,-1.1909851810664949,1.2985885786798583,1.1903363194435836,1.2379177774313044,-0.5418383356321931,0.38472617275140436,0.2943037176065755,0.08450247014485396,0.4802863943913944,1.3329156251456291,-0.21385369074989571,-0.7502819502467233,-1.2886082893986452,-0.6425635624040343,1.105947434180889,0.5266665624564147,-0.5257875581041556,-0.3233662116696977,1.9923680069518535,0.6909340491517447,-0.5286768721100611,0.01743700653205273
76,2022-08-15,-0.3145960327519298,-0.786961850167526,-0.2045746528744642,1.2962145098153217,1.15688497278381,1.1891465259022438,0.07511746775426194,0.6025880718028434,-0.00944636216979249,-0.505106121822011,0.19953493788868976,1.2228306840472576,-0.41423207892160757,-0.8911378763126462,-1.4219970683862244,-0.8724005502867265,0.44918478974177256,-0.3712330640851319,-0.18041299262057658,-0.43464214371229204,1.9960515941026866,0.6081857283250482,-0.5690257960531339,0.018658688275992708
77,2022-08-16,0.5268004460043846,-0.29542487615937796,0.7919407681354342,1.3122075624895457,1.1350873241388644,1.2604456841677432,0.08506520855249486,0.7603867170561079,1.1364027370761445,1.2968212981200158,0.3210631117131603,1.2288369471202132,0.7487035804342542,-1.1998379163517647,0.3171945985786964,-0.8723724838420356,-0.021191895529712616,-0.6406280217996987,0.3779963515724997,0.5365053636615412,2.0349477244054994,0.7143090126296312,-0.3310821708726687,0.017819520326417437
78,2022-08-17,0.6996094097452393,0.1609226887219897,1.2306038816129028,1.3312065259098844,1.1356743188638516,1.9175535384531246,1.8045954214938562,1.3254330387521465,0.986990654198372,0.9814460462197843,0.4829471756139005,1.2888099321322721,0.3326595068304466,-0.9571988527818478,-0.3724147835011865,-0.8569279621407373,0.4692021036693708,0.4839209180309822,0.8137493080237443,1.0995168020001704,2.064276625632944,0.9250730130416227,0.008984505951293733,0.007928683755507263
79,2022-08-18,0.8436642114831991,0.3638224904298097,1.2306038816129028,1.4190196948096563,1.1539502806563395,1.9171541716891332,2.1645578797829117,1.3074342969426063,1.446364418061963,1.4462266142041367,0.4374879476980065,1.2859412691720542,0.594259764215333,-1.2321017757723818,0.22519626270739024,-0.746608029522607,1.0024612332586593,1.214127399247523,0.9170388977010764,0.6513380787209618,2.0937735968335294,1.0952870550944862,0.22302212909296795,-0.037465098187959116
80,2022-08-19,0.4897395260895423,-0.7738323688229918,-0.9172416400343566,1.514828319792894,1.1417054905579345,0.8976596522424678,0.17310641274630872,0.22170049297291441,0.5771234597017272,0.16165292393722064,0.5266399959628915,1.3235924705249225,0.21385515266490118,-0.5141777506312631,-1.0004765057280798,-0.7779270264971181,0.6716490799817975,0.3513938573545409,-0.22882998778182603,0.7081709345423012,2.2194689656809254,0.7947948114542726,-0.2791976200899486,-0.016273121598842477
81,2022-08-22,-0.1826108792620987,-1.4182112874629464,-1.2243466592238292,1.4931613711486404,1.0932707691279586,0.1209071596672821,0.32115276760298933,-0.23736816239682215,-0.25916597444612344,-0.9259178518503316,0.42679877467509725,1.2675638970831578,-0.07528426319186572,0.006037276915877843,-1.391868189601166,-0.936764973478398,-0.3101937345030251,-1.0877097806435043,-0.7872393319749023,-0.24661079723750853,2.4750400958977807,0.43146896746497554,-0.7708708350252657,0.07425677060649258
82,2022-08-23,1.8297544733553155,1.3575200657540072,1.1027126894717536,1.4841783878311376,1.0948012020074998,0.20191310309194888,0.7261799181024238,1.6545252681466336,1.2171991137672413,1.0666546636007654,1.1190604766991585,1.3099663214638828,1.1500484252311582,-0.5917052573382345,-0.040424920759934174,-0.9480811643744772,-0.10304400447174783,-0.2818525567946347,1.2688690625394887,0.8265740258506304,2.7523383838562534,0.9162978666419184,0.049264260086461134,-0.03043926710643897
83,2022-08-24,1.334259913804196,-0.06967153813509104,-0.00372681511643065,1.4506776640618424,1.0928782898433627,0.07656960318560505,-0.30980510893104696,0.5706859011655281,1.0400465454706398,0.7279614457417863,1.6652626000688908,1.2846862291269616,0.9671467858669618,-1.0550887188685198,0.3176433530631236,-0.8303186024080585,0.1521037046513436,0.37769008421840844,0.17787277157266893,0.28646591551869005,2.779851105008081,0.8744212673531504,-0.048196818313420056,-0.07718040716917497
84,2022-08-25,1.1375246473596978,-1.4182112874629464,-1.2243466592238292,1.3143990841000925,1.0141009564686059,-0.10164693463208321,-0.6886720613673345,-1.2382343908613014,-1.5434201099234337,-1.386929721768003,2.1516713471538154,1.1425081211611474,0.4048556158744879,0.6650623493868919,-1.4410330544273942,-0.9160796045164697,0.14736298747669652,0.1882996450409173,-1.8395020268127225,-0.8442308869655923,2.668292646828307,0.09429769870978202,-1.1823918759778684,-0.05820428985636906
85,2022-08-26,0.531628305303636,-1.4182112874629464,-1.2243466592238292,1.1228177618113633,0.841324785367663,-0.5656225333784821,-0.8890331964306802,-1.6268884202723954,-2.2490486037796265,-1.3705224220715437,2.3011703409797706,1.0100117506860695,0.002079200912960503,1.486805817169877,-0.445882389304473,-0.951688682971685,-1.133896905001773,-1.6842161587107647,-2.8788535229408763,-1.108202076508042,2.3117254939242358,-0.8844294958007237,-2.3738945028061607,0.013042430413179346
86,2022-08-29,-0.43245259799836316,-1.1980181094222282,-0.9703369788013511,0.7871045050465039,0.6322771233855289,-0.25335893732123443,-0.7796225720507878,-1.018774950884479,-1.9481097630156037,-1.0674499097475072,1.956728004821876,0.8654132083475706,-0.25826339099157014,1.8610264224860265,0.085061467663965,-0.8803796660327338,-1.5800935624109842,-1.793244575379873,-2.0331700074577204,-1.1652556831578171,2.0823567203507123,-1.3196662870530753,-2.549512916896413,0.01537416724958795
87,2022-08-30,-0.3454091347500937,-0.9319421353480444,-0.6508444220770644,0.3742505962544786,0.42652481398007375,0.041808759549349664,-0.6431879773437917,-0.7854002805227747,-1.1856837531469289,-0.5384998089580894,1.5518510862206747,0.715256631523646,0.02235492856891532,1.3023184478156506,-0.578413158584363,-0.8583408307876349,-1.3910928832521436,-0.8484638777589341,-1.2455868861680632,-1.207734313943198,1.952951386974877,-1.3854739656599993,-2.161457282032544,-0.06889380764022124
88,2022-08-31,-0.0022051369180100303,-1.4182112874629464,-1.2243466592238292,0.01604122125222932,0.1778366145879417,-0.03547186394216711,-0.9343677499676429,-1.5793825586993187,-1.336996911461391,-0.8419364013997869,1.7224200354180663,0.4319761642021035,-0.30542390627894395,2.1419668288130196,0.28168743024805754,-0.7361970401357876,-1.356705113562292,-0.699149904478001,-2.2817105826188,-2.280185153915412,1.6070618009478945,-1.9401422489499902,-2.5504364057671793,-0.028943835354617573
89,2022-09-01,-0.37856516846701205,-1.4182112874629464,-1.2243466592238292,-0.2816233629485459,-0.10402443604557746,-0.5104415689293318,-0.8999184205233919,-1.5830030116691005,-1.3762388480209025,-1.3242772423054203,1.3758155680297983,0.10844476971999455,-0.512800500729623,2.495253670172032,0.7138282759855261,-0.5091204817612867,-1.5608919611708465,-1.070125042517638,-2.1074094000383026,-2.708779629931686,1.1659004067065688,-2.4168608797126705,-2.7500954204653794,0.003359294653978888
90,2022-09-02,-0.7209881890595109,-1.3695593333391782,-1.004460503240361,-0.5247694598610405,-0.3850283262761537,-0.7362964402135479,-0.706393779454277,-1.4362191843563124,-1.1673926660710499,-1.0605484192314614,0.8741184667387754,-0.13673626766115604,-0.668067684507824,2.2852244325342492,0.8521460963335619,-0.22661330715975161,-1.7073534101605647,-1.2057012258853974,-1.368243273909895,-2.233305175355815,0.8370120733377988,-2.566160891785966,-2.4413776048442513,0.01061420124177353
91,2022-09-05,-0.6621309043671656,-1.2078732976014774,-0.22522742048447048,-0.7400793957617868,-0.6382080484515923,-0.9272754997902889,-0.23345553568232616,-1.3149673496046936,-0.9124976010455649,-0.5769580105394065,0.5526367869817649,-0.34623830947459,-0.5550871018779258,1.7242181042035587,0.4340593803697058,-0.0006408714144662297,-1.4409167619614336,-0.698233124673007,-0.7485057358459027,-1.909382499012748,0.5561205574457756,-2.452835587079673,-1.8186595287313652,0.0033127571329100913
92,2022-09-06,-0.36798647676718155,-1.1548439398226538,0.046092020465638116,-0.9015185527515194,-0.8538535188335412,-1.1406013226709806,-0.21783682344559824,-1.276859630111328,-0.7534169377609354,-0.3044029735069074,0.16232477439222098,-0.6858162873904202,-0.6624069687201724,1.2741683664125283,0.36931948794208264,0.16847811927975964,-1.11891744498604,-0.2999779163048537,-0.29338598133015853,-2.7456028753030575,0.32054948164462455,-2.2439343323369068,-1.1837424515815034,0.005696312809456078
93,2022-09-07,-0.41583908217446836,-1.0583801081977615,1.2306038816129028,-0.9989076508220953,-1.0256453153554808,-0.7133765999836319,-0.23490043857647286,-1.2110372055318763,-0.6293874647130898,0.2442438960704843,-0.06244159618977756,-0.9745651434798787,-0.5257571215843599,0.8241378068346016,-0.1155208734192467,0.2231708588438466,-0.3354777655361658,0.5517246556817255,0.30698475866933395,-2.32708499046907,0.13258034571660757,-1.9670590979244138,-0.5785569203895864,-0.026046293724767276
94,2022-09-08,-0.5476112418716854,-1.3339899290680495,-0.32338699651339825,-1.0565755464925037,-1.177142428988044,-0.4384923986040334,0.007360020719955253,-1.5089702852072815,-0.6556615682301093,-0.3148725870311197,-0.14336059584253408,-1.1562770128662032,-0.708170052333973,0.7991922408261495,0.16870498510443177,0.25699996769822986,-0.2976266548957952,0.16694033798388125,-0.35794197487849105,-1.7084082602490107,-0.08840140790979,-1.9157748631302502,-0.41716650600927896,-0.022340364420225252
95,2022-09-09,-0.6327377609864285,-1.4182112874629464,-1.2243466592238292,-1.107711781080654,-1.320306306371065,-0.8002990740784511,0.17551428631597654,-1.518536913997521,-0.7968428222551649,-1.6272649124386935,-0.11680893696901544,-1.2786434172630088,-0.8839600541451677,1.5252291067694415,0.8683232244659292,0.38076051645799286,-0.4262185382990104,-0.3358555136522655,-0.9324903174586505,-1.255220450626886,-0.3514886093911282,-1.96915724441951,-0.4378030068506142,0.01061183491386234
96,2022-09-13,-0.9185754306744652,-1.1856929271650085,0.2350350551385141,-1.1568811689456246,-1.4367291401432165,-0.3894999418051469,0.1042143388643973,-1.4086827193052758,-0.7574656133651516,-0.9925803571595734,-0.42648247227835484,-1.4025337988574331,-0.9974081552886603,1.1047531925276175,0.8683232244659308,0.5403015509850108,-0.9670056705820113,-1.0485124809046356,-0.5031929603622393,-1.2864502988244126,-0.54961625380105,-1.826525509888583,-0.17387049587104675,-0.007166255937299283
97,2022-09-14,-0.8246451681316752,-1.150853708556823,-0.190703824356834,-1.2125064630692122,-1.5302154768664817,-0.7627492438598756,-0.40344354787762543,-1.378445855885304,-0.8245784179506505,-0.820752601225126,-0.5791308228218244,-1.5668543990474306,-1.1135337495240545,1.0735548486874988,1.081526930297726,0.7365656128694213,-0.9698372602784932,-0.7877072167894021,-0.5419265564912388,-1.572476585800665,-0.7144017188870978,-1.7098524564126272,0.00013585632798090243,-0.037596017426279396
98,2022-09-15,-0.3779261870891699,-1.4182112874629464,-1.2243466592238292,-1.2777360217153344,-1.6278301105395645,-0.7208939891454671,-0.8046779338756601,-1.4687419154566692,-1.1684933774528463,-1.2083899068789017,-0.3817454981733372,-1.6580240937518629,-1.2536252841745181,1.743540733595637,1.6504697828361032,1.0195805469095396,-1.0441516388161383,-0.6755819282474782,-1.3230540784260625,-1.1735731951374369,-0.8964269619409216,-1.8442625753019686,-0.21988928536207145,-0.015377368279039093
99,2022-09-16,-0.9322780313326349,-1.4182112874629464,-1.2243466592238292,-1.3413034009257525,-1.7283606334444765,-0.9760327141772802,-0.9960665114942915,-1.6510081487734642,-1.3690258857808977,-1.2581741490683416,-0.5623593390782247,-1.7248997990119528,-1.3427418532637199,1.3460124845545984,1.6875352894489593,1.3292276623867028,-1.485226187690653,-1.2555958760157755,-1.2940038813293129,-0.9967461977202955,-1.0340466857396018,-1.9524250539929922,-0.35835632192034206,-0.008941937375661282
100,2022-09-19,-1.0419698345288635,-1.4182112874629464,-1.2243466592238292,-1.4101214960976367,-1.8256926899881432,-1.2184107534442647,-0.9842026305177975,-1.5265416579138888,-1.3504650063000359,-1.0939768024782106,-0.7258685073425759,-1.8057602362031027,-1.4221197651740012,1.6041892711081176,1.9561477908844158,1.6668609488443644,-1.6958733460907138,-1.3433430028822022,-1.1552084952003978,-1.1571832107359776,-1.2050496750403998,-1.9914922588603947,-0.3702738214585271,0.02431930565470034
101,2022-09-20,-0.8376377894811314,0.035267658285053634,1.2306038816129028,-1.4607038536342154,-1.8902764618776562,-0.912854205882541,-0.8190645775499428,-1.1204648542709283,-0.8222429732250902,-0.19790882705605833,-0.5599935515202252,-1.8718291300056251,-0.5080433475663587,0.9666657831505956,-0.05331669765880922,1.694401325130391,-1.2711755364471395,-0.49774616506044916,-0.20623539003990962,-0.9783106132309594,-1.2975909130799976,-1.7422728941589218,0.032650121942575605,0.00421189671744937
102,2022-09-21,-0.6913820518861599,0.2885916924247009,1.2306038816129028,-1.4807386874867265,-1.9207607633416552,-0.9702925652330655,-0.764425591755706,-0.7249503988454211,-0.6753820992732429,0.13745497146492272,-0.6136709231604767,-1.9487451556264763,-0.6937242094094506,0.5010390626024244,-0.05331669765880883,1.561482838978969,-0.595277581729344,0.3531612103621106,0.1520503741533359,-0.9664895519165567,-1.0768491493995966,-1.4776236997757146,0.377065073747499,0.008050276932652225
103,2022-09-22,-0.8389157522368157,0.7935493118330684,1.2306038816129028,-1.4650968262036763,-1.9149281558423104,-1.178486324506986,-0.48891156096185745,-0.4707655947432093,-0.4908905896195552,0.8224815950967024,-0.7707213937162984,-2.007911329180979,-0.8401078568377404,0.13395687105425838,-0.05331669765880844,1.357548074943251,0.3333062733505491,1.203220498301751,0.5555253338304142,-0.9354914087524203,-0.7962958298851098,-1.186195563300989,0.690910257302857,-0.02763954192914075
104,2022-09-23,-0.678460428467575,-0.1777511800760862,0.18598007796386046,-1.4319787428682043,-1.9020968823791775,-1.5837642189011862,-0.3768991121448344,-1.1933604201941608,-0.7170493922666489,-0.27432273655821926,-0.5083926211325689,-2.0458314676863636,-1.032775606399683,0.8709195671915994,0.81255013687315,1.261921851953522,0.15155538887049957,0.31710857493685113,-0.2578801848785756,-0.9564800541860335,-0.7581387200758625,-1.158015444281084,0.5653516689634964,0.02184988278465659
105,2022-09-26,-0.5410084343006503,1.19358359737732,1.2306038816129028,-1.4001245022202204,-1.861183824685115,-1.786105990086688,0.39232953863996395,-0.5051886455083058,-0.575588841673463,-0.07720102300290754,-0.31374407949815597,-2.0236889754621785,-1.1934858787825278,0.5591008331741247,0.9771631549900319,1.253675617348545,0.4466483496648838,0.43021227410520113,0.32957935641125036,-0.36176009311755336,-0.7729995023521714,-0.9217553583907382,0.7626093887272261,0.007712120486338813
106,2022-09-27,-0.6105864065545689,1.3575200657540072,1.2306038816129028,-1.353430336357519,-1.7919386398792834,-1.4447721724011513,1.7712626553013098,-0.30734930681504236,-0.19260614891974906,1.0196985344155625,-0.4585111557321182,-2.005221957655774,-1.1408741488194736,0.15376042426978634,0.5983399799136657,1.2347297709767118,0.5395096305075908,0.513924054057695,0.3747685518950831,-0.4015957749464102,-0.7138268097157972,-0.6743430935892117,0.9363712324727421,-0.02725671655930925
107,2022-09-28,-0.6795963953615165,0.3954378578860783,-0.3951420211561403,-1.3228695910789894,-1.7249134978064313,-1.3765495671909345,0.11945372439319793,-0.9838647145756508,-0.5825285995084534,-0.6559791270682731,-0.5743248167192553,-2.016875900931659,-1.251752775134229,0.13209551363591093,0.8482639624978917,1.2487867739384515,0.6901483655824922,0.5690067562765498,-0.4354091671364901,-0.6744444305739015,-0.5787921351799136,-0.6928411375501693,0.694936973489095,-0.002964917342464225
108,2022-09-29,-0.9378868678714711,0.2950780999520705,-0.5481519084484433,-1.2953802206657445,-1.6592395159219557,-1.9721585843199538,-0.3904086225820472,-0.9205665823241389,-0.7186356698065355,-0.7880149606678336,-0.6669757455089448,-1.9789557624262786,-1.3512351154670148,0.1786130748532924,1.1315567458719293,1.3203784573248412,0.21570735457646528,-0.18400057983731316,-0.4224979684268236,-0.2006716894720109,-0.6090284961839969,-0.6894526494787653,0.5331031096131413,0.025086834429734882
109,2022-09-30,-0.46646060688573765,1.3575200657540072,1.2306038816129028,-1.2733934837744258,-1.5710992295395085,-1.4544903953619848,-0.276353667744873,0.49811326006854995,-0.6548349966277245,-0.7249022653113502,-0.3265020057557866,-1.8916408335746353,-1.479417129966172,1.0102858105592694,1.8745990321644885,1.5252320457310757,0.2072252559037475,-0.06768459543216826,0.4038187489918327,0.3740921456899283,-0.621000267296771,-0.46453422276686035,0.7205837797217639,0.019436648203382846
110,2022-10-10,0.15462929237679196,1.3575200657540072,1.2306038816129028,-1.2191336821697116,-1.4514136071560066,-0.558823122590967,0.9783960613803566,1.3277297578969511,0.9681453177901326,1.4339178935758292,-0.2785365413322648,-1.776625378013386,-0.7966994412560586,0.4540174877223724,0.09900599211182487,1.5190881741656448,0.9376040831158249,1.1342715214051577,0.8008381093140778,0.7912910493004498,-0.6088142237301833,-0.15439213578509225,0.9924996831460429,0.016586204045998795
111,2022-10-11,-0.0514067030118524,1.3575200657540072,1.2306038816129028,-1.0842704581713434,-1.2988569318463377,0.5363887139380152,1.2196118656835175,1.663923701441721,1.963155596457796,1.475342734267045,-0.30482569463145553,-1.684917809003911,-0.44548273846998787,0.0003011361073289514,-0.8582158868449937,1.2644068029663078,1.7618198246512493,1.9896344217994362,1.1333014760879905,0.6764292148626647,-0.5769285832033582,0.1742353693286007,1.236479900647972,0.014787700154379592
112,2022-10-12,-0.17600807169106358,1.3575200657540072,1.2306038816129028,-0.8688596040350457,-1.1164036241773707,0.6144685127171629,1.4337188752745331,1.7933159555286586,1.8926865566272362,1.2020800259538909,-0.19273034848668483,-1.5826320453286322,-0.3086805680129041,-0.445763383178982,-1.4908823968423872,0.8102623540206941,1.9863693011900578,1.685641793815468,1.3689308525394037,0.8337382359385914,-0.5472639663239071,0.48747098464813826,1.4096425589980541,-0.024455637613055616
113,2022-10-13,-0.3416462444139124,0.7748247800377691,0.12216488243781215,-0.597528649417364,-0.9438027242291204,-0.13703395824962256,0.881564990901371,1.0332556084899198,1.4065296829544496,0.8546749811418775,-0.34648569449040073,-1.4922691620817563,-0.5162628761221199,-0.7491152171451115,-1.4908823968423877,0.2914240449143772,1.7650875010213976,0.9645859303954357,0.2973013596370841,0.3554852605407006,-0.47372386389786425,0.4698067639136692,1.0747470039599198,0.025983521791108674
114,2022-10-14,-0.27142929078215183,1.3575200657540072,0.49658173373017417,-0.3224909419099828,-0.7601441726621201,0.8115767447946609,2.3708741637265196,1.6924107286964785,1.4502559778230577,1.009873782627909,-0.4314537802121934,-1.3301897048294336,-0.5126991897065503,-1.0315694225816567,-1.4047194551190745,-0.20534041714981782,1.7525162947528239,0.945892912003119,0.7298265164109121,1.1528652940312716,-0.48233458878218677,0.6480114905091353,1.0870645758264954,0.0024397694322402653
115,2022-10-17,-0.4144901214879128,1.3575200657540072,0.4324865530221956,-0.06784794230059786,-0.5751925549772823,1.8034405730360623,2.39963209455758,1.5051830828079473,1.3842340026256355,1.4200300698684256,-0.5907151073844421,-1.1924042370214465,-0.3402387162624728,-1.2579049219264389,-0.8178211659913152,-0.5636021984994609,1.5247854507231964,0.7231577459194362,0.5103361383465814,0.8592857182085081,-0.5133494763196692,0.7525530740948467,0.9915271525841582,-0.019065768170393748
116,2022-10-18,-0.43742245315935735,0.7872032490443441,-1.2243466592238292,0.14025964552516298,-0.41556674175145203,0.9412868919339116,0.2923954337336461,0.9777333352121337,0.9255922215565487,0.5594874307482669,-0.6991060735816504,-1.078554175787791,-0.5417411495864056,-1.2259015246151592,-1.1864672611017277,-0.876404673346552,1.1865852058586768,0.3500642729834259,-0.19332419133024312,0.4635086207272979,-0.5133494763196692,0.6383085206162777,0.6020750701133625,-0.019436348529113624
117,2022-10-19,-0.7259580442205051,0.25802494342296306,-1.2243466592238292,0.27544235669223527,-0.2967027632818685,0.3727622992276088,-0.3443530045560979,0.450283587616317,0.3367666355089614,-1.129402589741523,-0.8238550376205873,-0.9667659660567877,-0.7141630024056488,-0.40722057435789294,-0.7697817182480365,-1.07893183470134,-0.12160923391432789,-1.2368898526337708,-0.7065443400394866,0.5780000764525562,-0.5128291694124935,0.39685232620782185,0.1085089083113091,0.005681833467430864
118,2022-10-20,-0.6611369333349667,0.3189041727129601,-0.8509822999095698,0.3080783468660427,-0.20322834406583445,0.2863990304427972,-0.44965178900970393,0.6034141594989729,-0.03723463247537579,-1.2360307413771636,-0.7334732534458706,-0.8512126361904971,-0.9060538557395749,0.7261382360454217,0.4812351863541502,-1.0238807315362997,-0.6661951579187119,-1.3395781076330004,-0.3740809732655742,0.7056365699832516,-0.48874450089931587,0.2830311174652646,-0.10373383666923103,-0.020993137371879127
119,2022-10-21,-0.8878333266071726,-0.31709080189758365,-1.2243466592238292,0.24479094990851022,-0.14833690810524314,-0.2035998021486255,-0.292628915589201,0.04193539592923358,-0.13832263467381234,-0.8309345193302763,-0.7828836375658492,-0.7809303936651496,-0.9195456534981593,0.2704079124534657,0.20565273954670724,-0.8826112546682877,-1.1607857292751051,-1.2914431498984262,-0.9066679200393175,0.03799606757278668,-0.44451754078910877,0.04775199574503724,-0.447300543203165,-0.017837346611225983
120,2022-10-24,-0.7915601323456283,-0.8072575891514426,-1.2243466592238292,0.08641518461994765,-0.13472585345204643,-0.11342060652464785,-0.7055272829237305,-0.4259635737122164,-0.6656904815460275,-1.1107328542055694,-0.7273214671589006,-0.7717865304794531,-1.0805747697060932,1.0129409313440765,0.9842179971690562,-0.5938863677261915,-1.0786273655444494,-0.7667503195596264,-1.1067915000391482,-0.4799959237815576,-0.403442785489442,-0.2239315088448486,-0.7742384606111886,0.011387791845705297
121,2022-10-25,-0.8846384197179621,-0.35038019622701083,-0.35318831391926864,-0.11469241008633216,-0.1358228074882934,0.3714743776289784,-0.8050357930238373,-0.12820968394038382,-0.9106371888913625,-1.136347882891741,-0.6638536352927575,-0.7566364042208075,-1.2230493055213945,1.426605426978953,1.4655188927110527,-0.1824075475352943,-1.0880762242897244,-0.6167213102493893,-0.42895356778165683,-0.5507156222288168,-0.3974905708590657,-0.2875293867778761,-0.7380761065213358,0.027127880234910112
122,2022-10-26,-0.6771824657118908,0.4822100342844446,1.2306038816129028,-0.25884052220246767,-0.12020044336933347,0.4469033324939825,-0.4247209247010858,0.5949069055054939,-0.15240197998352853,0.4907137105168415,-0.6663300373134842,-0.7326113519289772,-0.32262367893343197,0.8464709426605925,-0.40689133454711307,-0.01845522855905604,-0.13292802848896795,0.6766140225473235,0.5232473370562479,-0.38223720802306166,-0.37411537776719045,-0.10137341351801951,-0.35181788887264565,-0.009490738748803226
123,2022-10-27,-0.6227270527335689,0.08084366870748529,0.6818361771326831,-0.33586520992676006,-0.10267602664831232,0.3516103794502086,-0.4596201755013024,0.034846017601334565,-0.05406838533509091,0.9551084639104318,-0.8356703996872203,-0.6816925843851035,-0.23738867370198186,0.43146277436023067,-0.8219167300826651,-0.05547748397197394,0.7619223747418971,1.5412385065051135,0.2359731657661682,-0.17511480589388392,-0.36538690328085804,-0.051192285126549095,-0.23735351941599997,-0.05925477218639743
124,2022-10-28,-0.519141071592276,-1.4182112874629464,-1.2243466592238292,-0.4324824045023306,-0.13574067389743416,0.4177670138201044,-0.8104632190227209,-1.6123084835482189,-1.589710287377301,-1.1368529148083422,-0.5223156348283837,-0.7317148947539078,-0.5556235828063951,2.9296393179869895,0.936489761762466,0.06771136954091722,0.193212395106454,0.0224117633443025,-1.2810926826196463,-1.3144611876305843,-0.43509263788058866,-0.4514002711638494,-0.7901636472434982,0.020694997589892766
125,2022-10-31,-0.9682029843535356,-0.6274284830788095,-0.23274595290187566,-0.5263886725337991,-0.17845205450015428,0.8021122290160396,-0.6376820703634243,-0.9357497585204776,-1.3021959682801525,-0.8684418302342798,-0.5797249706988054,-0.7763584620723062,-0.75164872164353,2.3488326089074376,1.0034617994466564,0.2724765138156506,-0.5994447449644422,-1.2037442094881252,-0.49028176165257276,-1.0785559032022662,-0.48115166778679447,-0.5172353107535506,-0.7540170122707487,0.03250204843612259
126,2022-11-01,-0.80959360678695,0.5190100568257332,1.0477730466950743,-0.6220182869861715,-0.19418259332438745,1.220723018567989,-0.2666521346146064,0.00537970233871748,-0.4293005499628998,0.257430320815775,-0.6066343438545567,-0.7513473068879015,0.06275053828685423,1.6536769635047313,-0.42591230994444484,0.29101976943623825,-0.6520151291856083,-0.7381199705975356,0.43286894608858234,-0.3884223883261243,-0.4802434915690579,-0.28597681387839063,-0.30004143979709086,0.01994683832104885
127,2022-11-02,-0.5554920121984048,1.1689265917811302,1.2306038816129028,-0.6782860287237945,-0.17281922097328492,1.3181086316072128,-0.15061187518598154,0.5982912626800093,0.328864044177548,0.9049749518315396,-0.3885338385677779,-0.6694111210866724,1.0646979332471795,0.8937167500663218,-1.3369754127039697,0.07846876879242261,0.4261427494545698,1.0885059438869207,0.9138110980236598,0.16314037317745303,-0.4236703910431605,0.0249961984072594,0.17718833065985,0.00873913177343822
128,2022-11-03,-0.6819393270802709,1.3575200657540072,1.2306038816129028,-0.578707848117434,-0.12062940962557303,1.3213678884099849,-0.15228890223121833,0.8618075117205849,0.6502087120422124,0.9928625016932737,-0.5639863922851327,-0.5791378835573032,0.7097871879117384,0.44907414619203445,-1.3369754127039704,-0.23463636254598183,1.255825495289684,1.8313331074210377,1.1300736764105737,0.20687342994796146,-0.353118351440775,0.28564455862642,0.4869715591861254,0.015112084048741732
129,2022-11-04,-0.5769333873215511,1.3575200657540072,1.2306038816129028,-0.33654020466164314,-0.037482319959005514,1.4117938854192298,1.212595333225017,1.406265404021007,1.3355544292938333,1.2250998688092303,-0.6777231015021963,-0.43884233565913433,1.3117093365939996,0.036452701350618164,-0.4889089034912093,-0.4482206314349326,1.5598171103639098,1.4976010990609174,1.42057564737807,0.7335809073270527,-0.33897286273374194,0.5553206163989642,0.7477142676828888,-0.008607492429740926
130,2022-11-07,-0.8009318592206458,1.0784252697687002,0.7507873600890166,-0.05827808506832081,0.05216871551246362,1.4944306047876073,2.2754303455452396,1.1589811024969743,1.1386139088903147,0.8466327463393966,-0.8752138039031248,-0.29729174771586653,0.9628816714716202,-0.24669514314870772,-0.5219806876533222,-0.5984783956883698,1.509255646281481,0.9792720172215006,0.652359324152913,0.8713071343299176,-0.33646226112121735,0.6319629371833788,0.6801308164493813,-0.0058832806328752854
131,2022-11-08,-0.8972760514130615,0.8857414570487004,-0.3368674272601937,0.17275102721773342,0.1352525214954496,0.8833262902350706,0.5137017023186504,0.9735998671701073,0.8207592556582958,0.3967307042417796,-0.9989737938508142,-0.1838899150697426,0.6293747825329918,0.07186353741140379,-1.1099142035986629,-0.7910020007946129,1.1412367623915942,0.36964416597060246,0.13268357608883613,0.614623106905041,-0.3363791550659553,0.6103822369682192,0.4855342164887205,0.0
132,2022-11-09,-0.9503825037048279,0.8857414570487004,-1.2243466592238292,0.3590857346799927,0.209412662842112,0.5772042721283636,0.08221309840789735,0.9735998671701073,0.8383328268633466,0.378316600016546,-1.0827673093764973,-0.08205237998199359,0.6348200242360198,-0.2824730844227681,-0.7861558992438222,-0.9415526009961516,0.5342950321524622,-0.30492887010963793,-0.02547860810457854,0.22029093876663844,-0.3275041529380836,0.5764376515722605,0.31216765374445177,-0.014703846955258545
133,2022-11-10,-0.9476845823317168,0.3797205455983753,-1.2243466592238292,0.45313806214865054,0.259901508027607,0.7184880516181277,-0.49048425991579064,0.515025232414165,0.4440068037981672,-0.9210713832908681,-1.1764274555538625,0.00526254886964323,0.33558759073624606,-0.043090640997214,-1.316250266774612,-1.1366965989970672,-0.5151450743495483,-1.371960055888442,-0.46768716391065634,0.14573066307286447,-0.33006053148591885,0.4225916941410197,0.0019288704001890445,0.0025181001659483984
134,2022-11-11,-0.8149894495331722,0.4694947428747648,-0.990394755455106,0.49741734889876627,0.2950364643667515,1.1983592744016065,-0.533974927503748,0.5930804893938978,0.45219476771214284,-0.714705807354343,-1.2133193814145857,0.14986109120814373,0.19339190195937375,-0.39755581878053364,-1.1433798263345083,-1.3131282322865843,-1.268064701266894,-1.759068498242591,-0.32566397810432485,1.0547202646913756,-0.318310618510759,0.3363518663421561,-0.14953657795153372,0.05325615765663795
135,2022-11-14,0.6217246795793734,1.3575200657540072,1.2306038816129028,0.5885501166226094,0.368764394586074,1.5801928532168734,-0.14216439341224113,1.6400150328933039,1.205931505713716,1.7899188306525533,-0.6418611030206579,0.31023727982784416,1.379124497860595,-0.9557538363142983,0.5014002051509527,-1.2226665196003579,-0.6315250624043736,-0.1651938955456728,1.2688690625394887,1.5569419950958419,-0.36198828108361236,0.6971220903770806,0.3688381874997188,0.005350785655868151
136,2022-11-15,0.2093686970785993,1.3575200657540072,1.2306038816129028,0.7230195968907505,0.4658111290415771,1.599400375188986,1.1250371294517028,1.78664477861113,1.426228102985946,1.5203479331009082,-0.6829685834688597,0.4363688043599353,0.9300515733674048,-1.231794226225566,0.501400205150952,-1.0034193620437508,0.732815061479057,1.7693145898463434,1.2172242677008225,1.137033594955245,-0.4219370114442657,0.9340852108401131,0.6064044505998732,-0.018250319556499913
137,2022-11-16,-0.4168330532066672,0.8075311880855812,-0.005839893844180296,0.901383311718197,0.552159957631764,0.5695018132998056,0.49552130338945005,1.2897328625673854,1.153300210975201,0.9173306571825938,-0.845177617503402,0.5173188872685933,0.5971992648701925,-1.4363950293671262,0.5014002051509512,-0.7363630720068766,1.6289413562426591,2.2184044844144055,0.4586913435079154,0.5652674826288795,-0.4279994214041533,0.8943200636350227,0.4005362350867173,0.003315752849443928
138,2022-11-17,-0.7098415139127097,0.7798667777649944,0.1271635770895928,1.092868655836388,0.6284006697629432,0.40448713952558446,0.9333528103516687,1.3793399293949455,0.9188230845690515,0.5478425576459802,-0.9673376065148005,0.5681480090949589,0.2940584257205178,-0.9837049222682162,-0.3812873391371186,-0.5970929982524538,1.4399418585618369,1.0628317454845477,0.3941353499595829,0.48584209141874724,-0.43647123961409,0.8635664012570725,0.24873459244750185,-0.027148228217541974
139,2022-11-18,-0.5929789196984752,-0.8316235026362803,-1.2243466592238292,1.1896142361261999,0.6664270901766397,0.5271290644109317,0.5388254618737987,0.403493690652176,0.36401641419803127,-0.3558463612477712,-0.9319389289398192,0.5564940658190709,-0.029269488584159037,-0.4538715611252878,-1.360699654609323,-0.6790538914835542,0.6189752905107707,-0.3531811020388876,-0.5774323529428216,-0.11852320454014012,-0.3997279697062298,0.5972264460617694,-0.2097652183091071,0.007393749024938192
140,2022-11-21,-0.9308580727152079,-0.696189004780687,-0.857277724343176,1.1747370353539157,0.6842413933442734,0.3169393501235328,0.5009658886678025,0.4422919247739542,-0.027814457610320246,-1.1383597535366585,-1.1242298951506267,0.5669826147673713,-0.23491999139803116,-0.43137870742664064,-1.5847422362626784,-0.9002894426963239,-0.01694180917008003,-0.8339810214595669,-0.46768716391065634,0.10731152322133629,-0.31848952055402713,0.4741010242971397,-0.3716648804111152,-0.02959256585634158
141,2022-11-22,-0.7396606448786748,-1.4182112874629464,-1.2243466592238292,1.0411743775512998,0.6597661954914515,-0.26933491041587343,-0.40805668619298546,-1.2353881964114566,-0.8695765721296475,-1.270587246156068,-0.9053079955237975,0.5550597343389636,-0.5377118216271588,0.7455033163930971,-0.14782719181117807,-0.962282684447377,-0.916866721392625,-1.5034673472082323,-1.0906525016520652,-0.22602835117255807,-0.27726092258085716,0.15450826474896012,-0.7822747563880984,-0.022379450620579174
142,2022-11-23,-0.8622740714934882,-1.4182112874629464,-1.2243466592238292,0.7783140934462074,0.5897978314486699,-0.10253134039856729,-0.8441479850484069,-1.1045630997235472,-1.9139482383064643,-1.4979177439687177,-0.8138500962009103,0.5190221559012254,-0.7682567633341095,2.0047543363431917,0.8899559352050961,-0.784682534342892,-1.2187300540399237,-1.3139066949434532,-1.342420876490562,-0.5335028316358862,-0.3219040925335358,-0.20918430578334712,-1.1738572278040351,0.012210948641336143
143,2022-11-24,-1.011440724254185,-1.0111651008266447,-0.6339857285758365,0.4758097437760239,0.5065501149274914,0.33699411600876417,-0.6169725362948938,-0.7127723098387029,-1.2194477978613139,-0.7489229736353674,-0.9917226378783306,0.5193807387712518,-0.9103028411327418,1.4730219867091274,0.8899559352050953,-0.49933882921860145,-1.1623646979360573,-0.7606064799050176,-0.6678107439104871,-0.16287363831308455,-0.3294661227580445,-0.3217687493233822,-1.1278572783532064,-0.015449293440255342
144,2022-11-25,-1.1054419847278463,-1.4098044917376946,-0.913924078041651,0.15271280923112918,0.405932518051475,-0.05201120858110549,-0.8526907028278473,-1.2076659391669289,-1.2399960934522891,-0.734763996101584,-1.088377241922861,0.491231983474111,-1.0485044301368938,1.5284098986759038,1.1667407725300123,-0.14143454552967102,-1.083875887035492,-0.5548753384804627,-0.7581891348781526,-0.4113981660593339,-0.20430179079303787,-0.4860865373475371,-1.1650733538925413,-0.0035743336185875565
145,2022-11-28,-1.15840644115787,-1.4182112874629464,-1.0573718346898333,-0.14784485718945917,0.2974954786156594,0.0709163986752227,-0.7818553928681996,-1.221760633691992,-1.2325698769563718,-0.8584320391167574,-1.222755211780243,0.3746925507152414,-1.1615676570678817,1.8069976137035295,1.4940230876211564,0.2726152790632689,-1.0886878643125382,-0.6148678037060996,-0.600026950684738,-1.1687122464061446,-0.15804715457306814,-0.5847666679960605,-1.100936972602982,0.030455952271077082
146,2022-11-29,-0.9205633727388629,-0.40753900840431706,1.2306038816129028,-0.3325070016589142,0.21812796599431833,0.5633127774251011,-0.7784116935008657,-0.2734231003724571,-0.4828996578091987,0.5643803816085218,-1.1324693940440567,0.28719833042858656,0.15151856138995587,1.1210906385404698,-0.8453027160119558,0.3359786870391212,-0.23863851751115336,0.5326099829166784,0.539386335443331,-0.8394653987036844,-0.13565566581663466,-0.38251041867402386,-0.6190715622544695,-0.009199113245662024
147,2022-11-30,-1.1932664252157006,-0.6709650288323449,0.6818305161877982,-0.44220876144323995,0.15314498619419833,0.25760173211347087,-0.6761455270527716,-0.5629156105436853,-0.33968096238670675,1.1572030425317095,-1.2580289334771992,0.21458529924806558,0.09860237087258111,0.6766022249383794,-1.0817760533886338,0.18031943459278413,0.44545012276327495,1.1452342233901376,0.28116236125000094,-0.7187196020102239,-0.1600960460259484,-0.3078168376050008,-0.416085952321748,0.007619084476439579
148,2022-12-01,-1.1081399061009574,-0.4207435768318747,1.2192035261079244,-0.47148200733481305,0.10813693408484874,0.10491670357862429,-0.16218954364990773,-0.3233356021261175,-0.23718037398057826,1.0325646551942875,-1.3660838032399474,0.13506954781951652,-0.13537416303844835,0.2794898096196557,-1.081776053388634,-0.07437919542027571,1.3455735836935703,1.7844429912222568,0.41027434834666593,-0.6609274154550847,-0.1779920200903646,-0.1850409667410096,-0.1849050736140366,0.015066198354644183
149,2022-12-02,-1.0646891724076941,0.06528489129914734,1.2306038816129028,-0.3952793462663049,0.09227181385058843,0.6815588968000242,-0.2032780285981066,0.16632925519438,0.06295728306116802,1.2117735359195383,-1.4411168417257942,0.10844476971999295,0.09587502244945188,-0.08748327463955362,-1.556056339041429,-0.4288703697296128,1.3959290173398893,1.22762259004241,0.7653323128624949,-0.0806197332317365,-0.18116991786973627,0.019571192101001694,0.11712460856305515,0.004662013105811371
150,2022-12-05,-1.110553835750583,0.6365188808646918,1.2306038816129028,-0.26635921766626336,0.09991239806531488,1.4879186255081032,0.7422947768366318,0.3342506306553787,0.32102965091911784,1.2362362908259708,-1.5315722253794093,0.07402081419737523,0.12258688132163763,-0.4002848763287946,-1.2248348724485247,-0.7564147028998565,1.777439432397082,1.3798055133708222,0.6717261222174128,-0.11891786456863766,-0.18227599300648725,0.18466398331846492,0.3022071248443724,-0.006220859875102506
151,2022-12-06,-1.1463367929097412,0.34959850361175665,0.3864595554643561,-0.11862770912419561,0.11611252248569279,1.0710149788941639,0.6961057505851777,0.29114629646030515,0.3228630579418084,0.7186203622013873,-1.6115437705185354,0.08164070018545616,-0.10993718536123583,-0.5563940711729837,-1.3600786915920107,-1.0634486385956126,1.6297274014098615,1.004553066542626,0.23920096544358482,0.21215298794976942,-0.18491992974291482,0.23378000507762922,0.28434262004557237,-0.009719468268415994
152,2022-12-07,-1.200153224510221,0.373376513344085,-0.8429345573659681,0.015518245986567663,0.1280419616713524,0.6598715661786927,-0.2621183488459842,-0.014334806955752337,0.2726239242473168,0.02508698450745487,-1.67171738752172,0.11068591265766298,-0.32262012880576846,-0.46798129502648167,-1.4927955430740265,-1.3545571468910582,0.8133926651163912,-0.2178575505820683,-0.08680680197549444,0.3947446033081149,-0.19636580901020542,0.1839789247159719,0.12852814008913357,-0.009178731951813422
153,2022-12-08,-1.2093119575926246,-0.17153154828534492,-1.2243466592238292,0.058137321886245465,0.1287078898558907,0.17695882732608123,-0.24255083892967924,-0.048377612465558696,-0.1284953490461207,-1.2719641468646365,-1.6513911371781582,0.11454067851045674,-0.541561997880546,0.5063138143918079,-0.3057821217628178,-1.4384476464336013,-0.15576054952827695,-1.1780739748223954,-0.3902199716526573,0.0875866403141248,-0.2085564115607333,0.08142953318980176,-0.07159161415479463,-0.009584737912987402
154,2022-12-09,-1.1976682969297239,-0.7214752847594023,-1.2243466592238292,-0.006654072133452787,0.11428783090858871,-0.23186888032294917,-0.6429043711310852,-0.462851027027949,-0.3168460245114057,-1.2045173084228726,-1.7188097572818852,0.12153304447598981,-0.7064032340132261,0.1586156192495838,-0.2845651098624099,-1.4066325912211457,-1.1448702253793703,-1.8410516776893735,-0.6161659490718211,0.17114957567625583,-0.23997691175610197,-0.0509168862216179,-0.2743186814634318,0.00958473791298731
155,2022-12-12,-1.1046610074882615,-0.04615323375238778,-0.31600943749746957,-0.1450071591901491,0.10067388407912299,-0.4419259707282657,-0.6698450901803298,0.322674777714103,-0.32492599078898343,-0.8061728090806958,-1.685261413878174,0.15021967407817177,-0.8838093610808964,0.6453233071107394,0.38881674585072545,-1.2189187951583798,-1.0159659064538182,-0.88817590933824,-0.203007590362493,0.36044376008469925,-0.22162177941908046,-0.05002431089910486,-0.24587237167767137,-0.02348507486697812
156,2022-12-13,-1.1576964618491565,-1.3614236431262583,-1.2243466592238292,-0.34306659990665433,0.06795054243124969,-0.2613048960050952,-0.9148845960655169,-0.9193843053341081,-0.7710281077040196,-1.0232931495322837,-1.555725023236043,0.11229953557278831,-0.7994354460436713,0.09360964337087238,-0.1633462182937828,-1.0485461024200722,-1.3311337204677904,-0.9842303937288324,-0.6936331413298201,-0.39992639725029094,-0.21124250329736788,-0.21829804899582175,-0.46514529342929073,-0.0009770396478265017
157,2022-12-14,-1.1427158984353025,-1.4125430359319098,-1.2243466592238292,-0.543202858279651,0.02543170290444691,-0.12426748143340297,-0.9153938342896263,-0.9704278292949892,-0.8651443969318625,-1.068068338810623,-1.5547936266415003,0.0787720372252367,-0.9649516488355065,-0.24995050699266583,-0.11506465645591019,-0.8937974169827404,-1.3067770374148975,-0.8768534162679047,-0.4935095613299893,-0.2866581865854148,-0.22543331719761908,-0.31174929272662927,-0.5335134405813067,0.010372864480712687
158,2022-12-15,-1.200579212095449,-0.6279885571944054,0.6831297463241172,-0.7220166204142066,-0.010413666664673544,0.003959429845837059,-0.7476838590900955,-0.4259635737122115,-0.8883579470695083,-0.806108986616694,-1.5844774622308038,0.04515489316018165,-1.1027999201134848,-0.14847727007684702,0.28142209194269563,-0.7010892959112884,-1.318735582670477,-0.7783967073723607,-0.038389806814245045,-0.24851313449585793,-0.18147791462944257,-0.271035791385643,-0.39625550327723685,-0.03144707213114102
159,2022-12-16,-1.0448807496945887,-1.4182112874629464,-1.2243466592238292,-0.9170743943809937,-0.06669539003016485,0.06608283396026864,-0.7970484476988513,-1.591199575243539,-1.6486225946191013,-1.6773494426357751,-1.4446689090532092,-0.0374984583811067,-1.2619915247997608,0.732934614250771,1.2285950114338107,-0.3648424062915261,-1.3132021019664135,-0.775640603528174,-0.8001505306845688,-0.8789224271114446,-0.2710085464875969,-0.4612756053961666,-0.6168791472026134,-0.016778917129109366
160,2022-12-19,-1.1334151694911563,-1.4182112874629464,-1.2243466592238292,-1.1230972345061796,-0.1452231871353935,-0.365707571415903,-0.8125004650705149,-1.4293022119298422,-1.8274833465345304,-1.4511505662291082,-1.3328220665111334,-0.1393359934688525,-1.3950088688267792,1.8497276906393727,1.9772800506535857,0.1277749861532961,-1.2213503438758337,-0.6459609084199632,-1.0519189055230656,-1.1597905524733156,-0.3847561233991916,-0.6712434805721186,-0.8216034338559334,0.020101179321087088
161,2022-12-20,-1.131711219150244,-0.4917049459630091,0.7826199103780496,-1.3083942878590966,-0.21377162590257678,-1.1422955477072687,-0.826374079570577,-0.7291782008447281,-1.237341080926786,-0.7198542529088735,-1.2927916408829951,-0.20594276157641792,-1.4991048851869218,1.1524042700458712,1.9772800506535857,0.6599595826970412,-1.2922005005392039,-0.7825435016586985,-0.19332419133024312,-0.8141358246917066,-0.44482483299190073,-0.6172824876807265,-0.6077740200315599,-0.009330290945175955
162,2022-12-21,-1.2267064506561043,-0.7699404757550501,0.2918288543948779,-1.4764351628877872,-0.2785188880851504,-1.9086048866191083,-0.810591165661559,-1.055902739351113,-1.062209017694972,-0.5767882535932894,-1.367268635407764,-0.26439176939086434,-1.5740396537733263,0.6504276240686526,1.9772800506535857,1.1688878877366653,-0.9185590699042473,-0.2736647935004128,-0.3418029764914079,-0.8089566777983734,-0.5142926502349802,-0.6194744103264789,-0.5170497016947238,-0.01892587750521743
163,2022-12-22,-1.221097614117268,-1.2924047343828289,-0.549334732494592,-1.6081444220461116,-0.3513812915374792,-1.6567105408515375,-0.7900281535317552,-1.5080104208193503,-1.1657604197935734,-0.9275346191823426,-1.3051344195678314,-0.33700480057138854,-1.6551388745786688,1.204080658471616,2.3925243133697163,1.6857395785162985,-0.9336941567971542,-0.4143616594455928,-0.7000887406846533,-0.9380660629936417,-0.6388473062997675,-0.7233762491606681,-0.5899888637257864,-0.004787970843170915
164,2022-12-23,-1.242042003724315,-1.417759702539099,-0.6309850024571426,-1.6966950272411483,-0.4267588501616015,-2.0498638675335394,-0.9343955481742796,-1.5725093960154357,-1.1379899777025686,-1.2923510223247332,-1.4570188596260931,-0.393660894035698,-1.7034010147182614,0.9876819916748925,2.460445911674168,2.1744742559502632,-1.4119149840054526,-1.2180833875592432,-0.5257875581041556,-0.8746859910970374,-0.753364721468969,-0.7823824667997535,-0.5841070395240355,0.018679435969928184
165,2022-12-26,-1.204484098293373,-0.27007165343965966,1.2306038816129028,-1.7531074981299113,-0.48077740651949713,-1.6688454459060948,-0.7234572912318568,-0.9419200775022704,-0.7559676287042758,-0.24625833243758039,-1.5024540295103601,-0.4433246215344744,-1.2200018720261954,0.4999361377369845,1.0032714927533535,2.3937336184121696,-1.0968970028908778,-0.5869325939828238,0.13268357608883613,-0.753679140846157,-0.8059330269371947,-0.6444149116955165,-0.2975868662188256,0.0020168074063046
166,2022-12-27,-1.2448109230282973,0.03373565697055627,1.2306038816129028,-1.780070827126779,-0.5142046395091155,-1.8469543836787998,-0.3631645341409428,-0.7811256737659807,-0.6137924698946498,0.050998263586319204,-1.5311949272015384,-0.46367419940852406,-1.1504884062481986,0.06095328605331848,0.5543624806600237,2.391300362913726,-0.33945314347890365,0.5260438793513668,0.15527817383075254,-0.4084426197718379,-0.8544249925876027,-0.5122302380265881,-0.07664442338077986,-0.021382114459361574
167,2022-12-28,-1.1510936542781214,-0.9409928435092655,-0.31774904017310796,-1.7858855144037276,-0.5488333902515707,-1.6787702670371076,-0.8002951675186397,-1.5822044610971089,-0.7837528880725793,-0.8075330253446158,-1.527562311597661,-0.5108278468171075,-1.276811179553817,0.019297718288233054,0.833792290683675,2.317230680624198,-0.34640340909753664,0.0922884459795554,-0.3514863755236578,-0.6853823151499545,-0.9465182646790484,-0.5565964045441687,-0.15248564374070214,-0.012774211337279491
168,2022-12-29,-1.2008632038189344,-1.4182112874629464,-1.008330260424421,-1.7854958431590855,-0.5902559016759658,-1.5129117917362127,-0.808978219937379,-1.6510081487734642,-1.0403891723386198,-1.4073191503642788,-1.5741032675200828,-0.5839787523026728,-1.377493613561664,0.5971174443142955,1.434700702738112,2.3014159957087723,-1.0694666356592795,-1.2053598537854378,-0.5612933545557386,-0.9927711470367532,-1.053777333369226,-0.6426989646246988,-0.2728717973170493,0.0020826109575265684
